source_year,location,road,vehicles_16h,pcu_16h,morning_peak_pcu_h,evening_peak_pcu_h,peak_direction_pct,source
2011,Between Sector-9 & 10 Jan Marg,Jan Marg,59995,46943,3734,4087,52.71,RITES Primary Survey 2011
2011,Between Sector-8 & 9 Himalaya Marg,Himalaya Marg,65240,50317,4267,5383,51.05,RITES Primary Survey 2011
2011,Between Sector-16 & 17 Jan Marg,Jan Marg,45821,39223,3180,3764,55.92,RITES Primary Survey 2011
2011,Between Sector-17 & 18 Himalaya Marg,Himalaya Marg,54180,41460,3319,4701,56.55,RITES Primary Survey 2011
2011,Between Sector-18 & 19 Sarovar Path,Sarovar Path,47132,38427,3145,3468,56.64,RITES Primary Survey 2011
2011,Between Sector-43 & 44 Himalaya Marg,Himalaya Marg,51721,41205,3999,3735,58.61,RITES Primary Survey 2011
2011,Between Sector-61 & 62 Mohali,Mohali,37497,30654,2469,3381,50.52,RITES Primary Survey 2011
2011,Between Sector-68 & 79 Mohali,Mohali,4780,3966,458,303,62.45,RITES Primary Survey 2011
2011,Sarangpur,Sarangpur,15898,13169,1396,1056,52.15,RITES Primary Survey 2011
2011,Between Sector-11 & 15 Madhya Marg,Madhya Marg,51489,40253,3152,4074,58.03,RITES Primary Survey 2011
2011,Between Sector-26 & 27 Madhya Marg,Madhya Marg,65687,55937,4935,5048,52.74,RITES Primary Survey 2011
2011,Between Sector-27 & 30 Udyog Path,Udyog Path,41579,34278,2986,2941,61.99,RITES Primary Survey 2011
2011,Before Chandigarh Railway Station crossing on Madhya Marg,Madhya Marg,73675,70731,5824,5958,52.69,RITES Primary Survey 2011
2011,Sarovar Path between Sec-18 &19,Sarovar Path,78230,64799,6888,5461,53.84,RITES Primary Survey 2011
2011,Between Sector-5 & 9 Panchkula,Panchkula,38630,33225,2662,3392,60.89,RITES Primary Survey 2011
2011,Dakshin Marg before Tribune Chowk,Dakshin Marg,63492,57892,4927,5429,46.88,RITES Primary Survey 2011
